,매장명,주소,구,lat,lng
0,강남YMCA점,서울 강남구 논현동,강남구,37.5136787,127.0317124
1,강남구청역아이티웨딩점,"서울 강남구 학동로 338 (논현동, 강남파라곤)",강남구,37.5165513,127.0401391
2,강남논현학동점,서울 강남구 논현로131길 28 (논현동),강남구,37.5151899,127.0275539
3,강남대치점,"서울 강남구 역삼로 415 (대치동, 성진빌딩)",강남구,37.501434,127.052328
4,강남도산점,서울 강남구 도산대로37길 20 (신사동),강남구,37.5222821,127.0314799
5,강남율현점,"서울 강남구 밤고개로21길 8 (율현동, 세곡프라자)",강남구,37.4735822,127.1078311
6,강남자곡점,"서울 강남구 자곡로 180 (자곡동, 강남유탑유블레스)",강남구,37.4734846,127.1030979
7,개포동역점,"서울 강남구 개포로82길 11 (개포동, 삼우빌딩)",강남구,37.4889348,127.0679352
8,건설회관점,서울 강남구 언주로 711 (논현동),강남구,37.5163003,127.0299123
9,대청역점,"서울 강남구 개포로109길 34 (개포동, 대청프라자)",강남구,37.4942156,127.077617
10,도곡2동점,"서울 강남구 논현로 142 (도곡동, 동현빌딩)",강남구,37.4824351,127.0429933
11,도산사거리점,서울 강남구 논현동,강남구,37.5136787,127.0317124
12,삼성대치점,"서울 강남구 삼성로64길 32 (대치동, 주성빌딩)",강남구,37.5004196,127.0630716
13,삼성동점,서울 강남구 테헤란로88길 10 (대치동),강남구,37.5068833,127.059437
14,삼성중앙역점,"서울 강남구 삼성로 608 (삼성동, 우창빌딩)",강남구,37.50796,127.0565469
15,삼성한전점,서울 강남구 테헤란로107길 11 (삼성동),강남구,37.5104408,127.0650485
16,선릉사거리점,"서울 강남구 선릉로 519 (역삼동, 삼능빌딩)",강남구,37.505905,127.047937
17,선릉역점,"서울 강남구 테헤란로 332 (역삼동, HJ타워)",강남구,37.5038188,127.0481497
18,수서역점,"서울 강남구 광평로 280 (수서동, 로즈데일오피스텔)",강남구,37.4873425,127.1030015
19,신사역점,서울 강남구 압구정로2길 62 (신사동),강남구,37.5177943,127.0214406
20,신사점,서울 강남구 도산대로 118 (논현동),강남구,37.5166679,127.0217279
21,압구정로데오역점,서울 강남구 선릉로161길 20 (신사동),강남구,37.527534,127.0388282
22,역삼더블루점,"서울 강남구 논현로63길 16 (역삼동, 역삼종합시장 더블루)",강남구,37.492909,127.0390723
23,역삼상록점,"서울 강남구 테헤란로43길 18 (역삼동, SC빌딩)",강남구,37.5044225,127.044027
24,역삼역점,서울 강남구 테헤란로25길 17 (역삼동),강남구,37.5018112,127.0352111
25,역삼월드점,"서울 강남구 역삼로52길 14 (역삼동, 도곡프라자)",강남구,37.4985444,127.0479369
26,역삼점,서울 강남구 논현로72길 13 (역삼동),강남구,37.4958415,127.0405444
27,역삼중앙점,서울 강남구 언주로81길 8 (역삼동),강남구,37.500366,127.042869
28,역삼충현점,서울 강남구 논현로98길 7 (역삼동),강남구,37.5037879,127.0363296
29,역삼플래티넘점,"서울 강남구 테헤란로4길 46 (역삼동, 쌍용플래티넘밸류)",강남구,37.4953323,127.0303725
30,을지병원사거리점,서울 강남구 도산대로30길 7 (논현동),강남구,37.5194023,127.0294305
31,이디야커피랩,"서울 강남구 논현로 636 (논현동, 이디야빌딩)",강남구,37.5202946,127.0359457
32,일원동점,서울 강남구 양재대로27길 20 (일원동),강남구,37.4906985,127.0883948
33,청담사거리점,서울 강남구 도산대로 521 (청담동),강남구,37.524866,127.050373
34,청담역점,"서울 강남구 삼성로 721 (청담동, 룩희 819)",강남구,37.5200681,127.0491634
35,포이사거리점,서울 강남구 개포로 218 (개포동),강남구,37.478468,127.046625
36,학동역점,"서울 강남구 학동로 219 (논현동, 국제빌딩)",강남구,37.5097925,127.021578
37,학동제마점,서울 강남구 학동로34길 22 (논현동),강남구,37.51313870000001,127.03365
38,한티역점,서울 강남구 도곡로69길 8 (대치동),강남구,37.4979551,127.0561304
39,강동고덕교차로점,"서울 강동구 고덕로 421 (강일동, 대한연세요양원)",강동구,37.55737130000001,127.1725399
40,강동구청점,"서울 강동구 성내로6길 20 (성내동, 청일 베르네)",강동구,37.5288753,127.1222899
41,강동성내점,서울 강동구 풍성로 162 (성내동),강동구,37.5304813,127.1298584
42,강동신명초교점,"서울 강동구 명일로 260 (길동, 길동신동아아파트)",강동구,37.5396157,127.1459293
43,강동역점,"서울 강동구 천호대로 1065 (천호동, 강동상떼빌)",강동구,37.5369023,127.1302611
44,고덕강일2지구점,서울 강동구 아리수로93나길 76 (강일동),강동구,37.5721986,127.1742256
45,고덕그라시움후문점,서울 강동구 동남로82길 121 (고덕동),강동구,37.5642658,127.1671244
46,고덕점,"서울 강동구 동남로75길 19 (명일동, 명일빌딩)",강동구,37.5540951,127.1551471
47,길동사거리점,서울 강동구 천호대로 1132 (성내동),강동구,37.5304933,127.128992
48,길동역점,서울 강동구 양재대로 1471 (길동),강동구,37.5372822,127.1394091
49,길동중앙점,서울 강동구 명일로 200 (길동),강동구,37.5365347,127.1459382
50,둔촌점,서울 강동구 양재대로 1377 (성내동),강동구,37.5304933,127.128992
51,명일역점,"서울 강동구 구천면로 424 (명일동, 명일메가타운)",강동구,37.5503165,127.1455692
52,명일중앙점,"서울 강동구 상암로 210 (명일동, 명일현대종합상가)",강동구,37.5484567,127.1487867
53,보훈병원점,"서울 강동구 명일로 110 (둔촌동, 둔촌동암펠로스타워)",강동구,37.5287091,127.1431767
54,상일리엔파크점,"서울 강동구 상일로 74 (상일동, 고덕리엔파크3단지아파트)",강동구,37.5525612,127.1752562
55,암사중앙점,"서울 강동구 암사길 50 (암사동, 제이빌더스)",강동구,37.5515869,127.1348633
56,올림픽북문점,서울 강동구 성안로 7 (성내동),강동구,37.5245419,127.1288923
57,천호로데오점,서울 강동구 천호대로 1027 (천호동),강동구,37.5382414,127.1263464
58,천호중앙점,"서울 강동구 올림픽로 660 (천호동, 천호엘크루주상복합)",강동구,37.5401616,127.1245175
59,천호초교사거리점,"서울 강동구 구천면로 304 (천호동, 일주빌딩)",강동구,37.5696186,127.0236039
60,천호현대점,서울 강동구 올림픽로 665 (천호동),강동구,37.5410289,127.1237152
61,가오리역점,서울 강북구 삼각산로 108 (수유동),강북구,37.6405388,127.0161692
62,광산사거리점,"서울 강북구 노해로 91 (수유동, 진흥빌딩)",강북구,37.6438957,127.0225697
63,미아꿈의숲해링턴점,"서울 강북구 오현로 45 (미아동, 꿈의숲 해링턴 플레이스)",강북구,37.6185566,127.034085
64,미아역점,서울 강북구 도봉로 207 -3(미아동),강북구,37.6271102,127.0254395
65,미아중앙점,서울 강북구 도봉로 128 (미아동),강북구,37.6204645,127.0287631
66,번동점,"서울 강북구 오현로 194 (번동, 덕수빌딩)",강북구,37.6288338,127.0398506
67,북한산점,서울 강북구 4.19로 85 (수유동),강북구,37.6447499,127.0056031
68,삼각산점,서울 강북구 솔샘로40길 3 (미아동),강북구,37.6199203,127.0160107
69,수유사거리점,"서울 강북구 덕릉로 82 (수유동, 제네스타워)",강북구,37.6344033,127.0228501
70,수유역점,서울 강북구 도봉로 355 (수유동),강북구,37.6393918,127.026749
71,우이역도선사점,서울 강북구 삼양로173길 21 (우이동),강북구,37.6625002,127.0113047
72,한신대점,서울 강북구 덕릉로 31 (수유동),강북구,37.6342221,127.0169343
73,가양역점,서울 강서구 양천로 500 (등촌동),강서구,37.5575223,126.8559611
74,강서nc점,서울 강서구 강서로54길 11 (등촌동),강서구,37.5593356,126.839278
75,강서교차로점,"서울 강서구 공항대로 437 (등촌동, 주신기업(주))",강서구,37.5550159,126.8559101
76,강서구청점,"서울 강서구 화곡로 292 (화곡동, 서광프리메라)",강서구,37.5501456,126.8485937
77,강서한강자이점,서울 강서구 양천로 401 (가양동),강서구,37.5678802,126.8510787
78,개화산점,"서울 강서구 양천로 28 (방화동, 벽산에어트리움)",강서구,37.572254,126.8070962
79,공항시장역점,"서울 강서구 방화동로 37 (방화동, 메디스타워)",강서구,37.5640044,126.8107915
80,김해국제공항국내선점,부산 강서구 공항진입로 108 (대저2동),강서구,35.1728728,128.9458
81,김해국제공항국제선점,부산 강서구 공항진입로 108 (대저2동),강서구,35.1728728,128.9458
82,까치산로점,서울 강서구 까치산로 182 (화곡동),강서구,37.5533188,126.8538953
83,까치산역점,서울 강서구 강서로17길 6 (화곡동),강서구,37.5334091,126.8452244
84,내발산점,"서울 강서구 강서로 304 (내발산동, 영종빌딩)",강서구,37.5527284,126.8365671
85,등촌역점,서울 강서구 등촌로 217 (등촌동),강서구,37.5491585,126.8633055
86,등촌중앙점,"서울 강서구 등촌로 67 (등촌동, 컴스웨이빌딩)",강서구,37.5360826,126.8631621
87,렘넌트문화센터점,"서울 강서구 화곡로63길 65 (등촌동, 예원교회)",강서구,37.5579326,126.8491762
88,마곡나루역점,"서울 강서구 마곡중앙5로 6 (마곡동, 마곡나루역보타닉푸르지오시티)",강서구,37.5671562,126.8272843
89,마곡수명산점,"서울 강서구 수명로 68-27 (내발산동, 웨스트엔드문화센터)",강서구,37.5526771,126.8266819
90,마곡퀸즈파크9점,"서울 강서구 공항대로 247 (마곡동, 퀸즈파크나인)",강서구,37.5593023,126.835223
91,마곡파인스퀘어점,"서울 강서구 마곡중앙4로 22 (마곡동, 파인스퀘어)",강서구,37.5584156,126.8294265
92,마곡헤리움점,"서울 강서구 마곡중앙5로1길 25 (마곡동, 마곡헤리움2차)",강서구,37.569266,126.826403
93,방화동로점,서울 강서구 방화동로 95 (방화동),강서구,37.569044,126.812578
94,방화사거리점,"서울 강서구 양천로 72 (방화동, 해성빌딩)",강서구,37.5729862,126.8076185
95,부산명지너울공원점,부산 강서구 명지국제6로232번길 20 (명지동),강서구,35.0957823,128.9245818
96,부산명지롯데시네마점,부산 강서구 명지국제6로 107 (명지동),강서구,35.0928415,128.9116636
97,부산명지점,부산 강서구 명지오션시티8로16번길 25 (명지동),강서구,35.0869001,128.9100223
98,부산신호동점,부산 강서구 신호산단5로 42 (신호동),강서구,35.0831952,128.8777121
99,부산지사명진파크뷰점,"부산 강서구 과학산단2로20번길 11 (지사동, 명진파크뷰)",강서구,35.1508917,128.8318341
100,서부산유통지구역점,부산 강서구 유통단지1로 53 (대저2동),강서구,35.1670105,128.9549796
101,서울공진초교점,"서울 강서구 마곡중앙1로 26 (마곡동, 마곡엠리체)",강서구,37.5586533,126.8238095
102,송정역점,서울 강서구 공항대로 24 (공항동),강서구,37.56164649999999,126.8094664
103,신방화중앙점,"서울 강서구 방화대로34길 92 (방화동, 불해빌딩)",강서구,37.5708766,126.8213439
104,염창동점,서울 강서구 양천로 689 (염창동),강서구,37.5505237,126.8729536
105,염창블루나인점,서울 강서구 양천로 583 (염창동),강서구,37.5572518,126.864441
106,우장산동점,서울 강서구 우현로 15 (화곡동),강서구,37.5471836,126.8436095
107,화곡남부시장점,서울 강서구 등촌로5길 80 (화곡동),강서구,37.5330599,126.8589624
108,화곡로점,서울 강서구 화곡로 133 (화곡동),강서구,37.5408593,126.8364773
109,화곡본동시장점,서울 강서구 까치산로4길 11 (화곡동),강서구,37.5422225,126.8443024
110,화곡사거리점,서울 강서구 곰달래로 135 (화곡동),강서구,37.5307873,126.8479275
111,화곡중앙시장점,서울 강서구 가로공원로76길 61 (화곡동),강서구,37.5344113,126.8383918
112,관악구청점,"서울 관악구 관악로 164 (봉천동, 대우디오슈페리움1단지)",관악구,37.492156,127.0309387
113,관악우성점,서울 관악구 관악로 232 (봉천동),관악구,37.4849477,126.9560274
114,관악하나로마트점,"서울 관악구 남부순환로 1369 (신림동, 관악농협농산물백화점)",관악구,37.4800913,126.9028197
115,낙성대역점,서울 관악구 남부순환로 1915 (봉천동),관악구,37.4779262,126.9622219
116,난곡사거리점,서울 관악구 남부순환로 1444 (신림동),관악구,37.4809038,126.9112754
117,남현홈플러스점,"서울 관악구 과천대로 909 (남현동, 남현프라자)",관악구,37.4751294,126.9811662
118,녹두거리점,서울 관악구 신림로 91 (신림동),관악구,37.4702781,126.93912
119,보라매중앙점,"서울 관악구 보라매로 62 (봉천동, 보라매삼성아파트)",관악구,37.4940971,126.9278545
120,봉일시장점,서울 관악구 은천로 23 (봉천동),관악구,37.4864167,126.9379221
121,봉천역점,서울 관악구 남부순환로 1725 (봉천동),관악구,37.4826777,126.9418946
122,봉천현대시장점,서울 관악구 양녕로 39-1 (봉천동),관악구,37.4857191,126.9467499
123,사당중앙점,서울 관악구 과천대로 951 (남현동),관악구,37.475474,126.981286
124,서울대중앙점,서울 관악구 남부순환로216길 2 (봉천동),관악구,37.4813531,126.9489899
125,신대방역점,서울 관악구 난곡로 368 (신림동),관악구,37.4869108,126.9138009
126,신림난곡점,서울 관악구 난곡로 197 (신림동),관악구,37.4725378,126.9189387
127,신림남부초교점,서울 관악구 남부순환로 1541-1 (신림동),관악구,37.48340719999999,126.9218888
128,신림대학동점,서울 관악구 호암로26길 17 (신림동),관악구,37.4707693,126.9346116
129,신림문화교점,"서울 관악구 신림로46길 1 (신림동, 서원동성당)",관악구,37.4785725,126.9334208
130,신림미성점,서울 관악구 난곡로 250 (신림동),관악구,37.4765282,126.9159734
131,신림신원점,서울 관악구 신원로 16 (신림동),관악구,37.480802,126.928079
132,신림신화교점,서울 관악구 신림로 199 (신림동),관악구,37.4755402,126.9362015
133,신림역점,서울 관악구 신림로 312 (신림동),관악구,37.4822288,126.9301828
134,신림중앙점,서울 관악구 관천로 52 (신림동),관악구,37.48434719999999,126.9266367
135,신림패션문화점,서울 관악구 봉천로6길 24 (신림동),관악구,37.4886299,126.9254308
136,인헌점,서울 관악구 인헌길 17 (봉천동),관악구,37.4747245,126.9670541
137,청룡중앙점,"서울 관악구 쑥고개로 80 (봉천동, 제이빌딩)",관악구,37.4791765,126.9452607
138,건대로데오점,서울 광진구 아차산로30길 8 (자양동),광진구,37.5404164,127.0676076
139,건대스타시티2호점,"서울 광진구 능동로 92 (자양동, 스타시티몰) 지하 2층 201호",광진구,37.538557,127.0729616
140,건대스타시티점,"서울 광진구 아차산로 272 (자양동, 더샵스타시티)",광진구,37.5378028,127.0726322
141,건대역점,"서울 광진구 아차산로 229 (화양동, 한림타워)",광진구,37.5407319,127.069008
142,건대후문점,"서울 광진구 광나루로 416 (화양동, 건회빌딩)",광진구,37.54649510000001,127.0755874
143,광나루점,서울 광진구 아차산로 624 (광장동),광진구,37.5482033,127.107566
144,구의사거리점,서울 광진구 광나루로 508 (구의동),광진구,37.5447378,127.0859307
145,구의역점,서울 광진구 구의로 4 (구의동),광진구,37.5382091,127.0892948
146,구의자양로점,서울 광진구 자양로 251 (구의동),광진구,37.5490121,127.0892921
147,군자역점,"서울 광진구 능동로 290 (능동, 삼일빌딩)",광진구,37.5555903,127.0790595
148,동서울터미널점,서울 광진구 구의동,광진구,37.5444007,127.092844
149,뚝섬유원지역점,서울 광진구 능동로 21 (자양동),광진구,37.5335019,127.0672835
150,세종대후문점,서울 광진구 군자로 109 (군자동),광진구,37.5528718,127.0719913
151,아차산역점,서울 광진구 천호대로 663 (구의동),광진구,37.5517919,127.0902248
152,자양동점,서울 광진구 자양로 46 (자양동),광진구,37.5322381,127.0859794
153,자양우성점,"서울 광진구 자양번영로 34 (자양동, 제이원하이텔)",광진구,37.5327013,127.0758253
154,중곡대원점,서울 광진구 용마산로 111 (중곡동),광진구,37.5635935,127.0866729
155,중곡신성점,"서울 광진구 용마산로 37 (중곡동, 이안빌딩)",광진구,37.598033,127.0940962
156,중곡중앙점,서울 광진구 능동로 330 (중곡동),광진구,37.56354400000001,127.0888304
157,개봉역점,서울 구로구 남부순환로97길 11 (개봉동),구로구,37.5030022,126.8464851
158,개봉중앙점,서울 구로구 개봉로3길 26 (개봉동),구로구,37.4864752,126.8548882
159,개봉현대점,서울 구로구 개봉로 69 (개봉동),구로구,37.4918986,126.8556595
160,고척사거리점,"서울 구로구 고척로 228-6 (고척동, 종만빌딩)",구로구,37.5057472,126.8582376
161,고척스카이돔점,"서울 구로구 경인로 397 (고척동, 골든타워빌딩)",구로구,37.5031884,126.858851
162,구로NC점,서울 구로구 구로동로 240 (구로동),구로구,37.5000236,126.8826805
163,구로거리공원점,서울 구로구 구로중앙로28길 73 (구로동),구로구,37.5007591,126.8894018
164,구로구청점,"서울 구로구 가마산로25길 9 (구로동, 네오팰리스)",구로구,37.49658830000001,126.8903054
165,구로궁동점,서울 구로구 오리로 1304 (궁동) 1층,구로구,37.4977773,126.8294119
166,구로미성점,"서울 구로구 구로중앙로 228 (신도림동, 기임빌딩)",구로구,37.5060959,126.87662
167,구로에이스점,서울 구로구 디지털로33길 11 (구로동),구로구,37.4857156,126.8955092
168,구로역광장점,"서울 구로구 경인로 572 (구로동, 스타팰리스)",구로구,37.48926470000001,126.8767871
169,구로이마트점,서울 구로구 디지털로32길 43 (구로동),구로구,37.4843485,126.897922
170,구로중앙점,서울 구로구 도림로 79 (구로동),구로구,37.4900857,126.8920284
171,구로코레일점,"서울 구로구 구로중앙로 174 (구로동, 구로역)",구로구,37.5025798,126.8821545
172,구일역점,"서울 구로구 구일로 110 (구로동, 해원리버파크)",구로구,37.4950571,126.8720069
173,남구로역점,서울 구로구 디지털로27길 127 (가리봉동),구로구,37.4846706,126.887119
174,성공회대점,서울 구로구 연동로 312 (항동),구로구,37.4872973,126.8242329
175,신도림메르디앙점,"서울 구로구 신도림로 65 (신도림동, 신도림월드메르디앙오피스텔)",구로구,37.5095401,126.8820361
176,신도림테크노마트점,서울 구로구 새말로 97 (구로동),구로구,37.5069735,126.8903193
177,오류남부점,서울 구로구 오류로8길 65 (오류동),구로구,37.4926959,126.8437439
178,오류북부역점,서울 구로구 경인로20길 6 (오류동),구로구,37.4966404,126.8385246
179,천왕이펜하우스점,서울 구로구 천왕로 36 (천왕동),구로구,37.4810083,126.8392702
180,가산두산위브점,서울 금천구 가산로 111 (가산동),금천구,37.4756055,126.8929049
181,가산리더스타워점,서울 금천구 벚꽃로 286 (가산동),금천구,37.480368,126.8841765
182,가산벽산점,서울 금천구 벚꽃로 244 (가산동),금천구,37.4766901,126.8858078
183,가산에이스점,서울 금천구 가산디지털1로 196 (가산동),금천구,37.4829123,126.8811424
184,가산오거리점,"서울 금천구 가산로 155 (가산동, 케이디에스빌딩)",금천구,37.4788324,126.8900552
185,가산월드점,서울 금천구 가산디지털2로 123 (가산동),금천구,37.4787568,126.8787171
186,가산하이엔드10차점,"서울 금천구 가산디지털1로 30 (가산동, 에이스하이엔드타워10)",금천구,37.4688003,126.8874748
187,금천롯데마트점,"서울 금천구 시흥대로 291 (독산동, 금천롯데캐슬골드파크3차)",금천구,37.4604657,126.8974181
188,독산동쌈지공원점,서울 금천구 독산로 276 (독산동),금천구,37.4713542,126.9032872
189,독산동점,"서울 금천구 독산로 218 (독산동, 창영빌딩)",금천구,37.4663108,126.9019986
190,독산롯데시네마점,서울 금천구 시흥대로 399 (독산동),금천구,37.469407,126.8974528
191,박미삼거리점,서울 금천구 시흥대로 150 (시흥동),금천구,37.4476277,126.9036599
192,석수푸르지오점,"서울 금천구 삼성산길 11 (시흥동, 위너스타워)",금천구,37.4340959,126.9048311
193,세광교회점,서울 금천구 독산로 124 (시흥동),금천구,37.4583516,126.9055616
194,시흥동점,서울 금천구 시흥동,금천구,37.4495276,126.9092894
195,시흥사거리점,서울 금천구 시흥대로63길 8 (시흥동),금천구,37.4550726,126.8991028
196,시흥유통센터점,"서울 금천구 시흥대로 88 (시흥동, 오복빌딩)",금천구,37.4418838,126.9039107
197,시흥중앙점,서울 금천구 금하로 748 (시흥동),금천구,37.4498887,126.91253
198,은행나무사거리점,서울 금천구 금하로 690 (시흥동),금천구,37.4517877,126.9065756
199,공릉역점,서울 노원구 동일로192길 5 (공릉동),노원구,37.6205232,127.102594
200,광운대점,서울 노원구 광운로 29 (월계동),노원구,37.6203303,127.0584239
201,노원사거리점,서울 노원구 동일로 1393 (상계동),노원구,37.6529411,127.0605151
202,노원중앙점,서울 노원구 노원로 452 (상계동),노원구,37.65686480000001,127.0671073
203,당고개역점,서울 노원구 상계로 313 (상계동),노원구,37.6708411,127.0803776
204,상계동점,서울 노원구 한글비석로52길 8 (상계동),노원구,37.6648833,127.06646
205,상계역사거리점,서울 노원구 한글비석로 409 (상계동) 1~2층,노원구,37.6611267,127.070846
206,상계역점,서울 노원구 덕릉로 698 (중계동),노원구,37.6510125,127.0799977
207,상계중앙점,서울 노원구 동일로 1650 (상계동),노원구,37.6754705,127.0555978
208,서울여대점,서울 노원구 노원로 3 (공릉동),노원구,37.6219864,127.0866205
209,수락산역점,"서울 노원구 동일로 1689 (상계동, 하이베라스)",노원구,37.67918909999999,127.0549866
210,원자력병원점,서울 노원구 공릉로46길 6 (공릉동),노원구,37.6268785,127.079495
211,월계이마트점,"서울 노원구 마들로3길 15 (월계동, 월계이마트)",노원구,37.62644,127.0619091
212,월계인덕점,서울 노원구 광운로22길 39 (월계동),노원구,37.6298151,127.0588466
213,중계롯데우성점,서울 노원구 노원로22길 70 (중계동),노원구,37.6482086,127.083901
214,중계본동점,서울 노원구 중계로14바길 2 (중계동),노원구,37.6498756,127.0825982
215,중계점,서울 노원구 동일로204가길 34 (중계동),노원구,37.6407489,127.0682363
216,태릉입구역점,"서울 노원구 공릉로 105 (공릉동, 성종빌딩)",노원구,37.6196188,127.0778497
217,덕성여대점,서울 도봉구 삼양로 542 (쌍문동),도봉구,37.6515728,127.0129899
218,도봉보건소사거리점,서울 도봉구 해등로 157 (쌍문동),도봉구,37.6567708,127.0388206
219,도봉산점,서울 도봉구 도봉산길 18 (도봉동),도봉구,37.6875339,127.0436705
220,도봉역점,서울 도봉구 도봉로 823 (도봉동),도봉구,37.6779041,127.0447529
221,도봉중앙점,서울 도봉구 도봉로181길 18 (도봉동),도봉구,37.684246,127.0448662
222,방학사거리점,서울 도봉구 도봉로 677 (방학동),도봉구,37.6626035,127.0410331
223,방학역점,서울 도봉구 도봉로153길 15 (방학동),도봉구,37.67088090000001,127.0349569
224,방학점,서울 도봉구 방학로 171 (방학동),도봉구,37.6621564,127.0332505
225,방학중앙점,서울 도봉구 도당로13길 22 (방학동),도봉구,37.6657682,127.0353159
226,선덕고사거리점,"서울 도봉구 해등로 255 (쌍문동, 에벤에셀아파트)",도봉구,37.6573677,127.0282385
227,솔밭공원역점,"서울 도봉구 삼양로 594 (쌍문동, 주함해븐빌)",도봉구,37.6562302,127.0135377
228,신창점,서울 도봉구 덕릉로 235 (창동),도봉구,37.638935,127.0380988
229,쌍문동점,서울 도봉구 노해로 162 (쌍문동),도봉구,37.6488058,127.027282
230,쌍문역점,서울 도봉구 도봉로117길 4 (쌍문동),도봉구,37.6604615,127.0384369
231,쌍문중앙점,서울 도봉구 도봉로 519 (쌍문동),도봉구,37.6568841,127.0153062
232,창동대우점,서울 도봉구 덕릉로63가길 30 (창동),도봉구,37.6435011,127.0387297
233,창동블루핀점,서울 도봉구 마들로 550 (창동),도봉구,37.6604973,127.0496195
234,창동역점,서울 도봉구 마들로11길 65 (창동),도봉구,37.6533842,127.0497109
235,창동제일점,서울 도봉구 노해로70길 81 (창동),도봉구,37.6488482,127.0525691
236,창동하나로마트점,"서울 도봉구 마들로11길 20 (창동, 농협창동유통센타)",도봉구,37.6548907,127.051721
237,창동학원가점,서울 도봉구 해등로16길 61 (창동),도봉구,37.6551428,127.0433519
238,경희대점,서울 동대문구 경희대로 4 (회기동),동대문구,37.5918937,127.0525264
239,경희대캠퍼스점,"서울 동대문구 경희대로 26 (회기동, 경희대학교,경희초,중,고,여자중고등학교)",동대문구,37.5948937,127.0491562
240,답십리사거리점,서울 동대문구 답십리로 145 (답십리동),동대문구,37.57308829999999,127.0561054
241,답십리파크자이점,"서울 동대문구 한천로 55 (답십리동, 영진빌딩)",동대문구,37.566857,127.0618361
242,동대문구청점,서울 동대문구 천호대로 153-1 (용두동),동대문구,37.5796043,127.0299409
243,동부병원사거리점,서울 동대문구 무학로 104 (용두동),동대문구,37.5735126,127.0309103
244,배봉초교사거리점,서울 동대문구 답십리로63길 131 (장안동),동대문구,37.5784959,127.0693224
245,서울시립대점,"서울 동대문구 서울시립대로 164 (전농동, 도석프라자)",동대문구,37.5833127,127.0548163
246,신설동역점,서울 동대문구 천호대로 11-3 (신설동),동대문구,37.5781315,127.0273933
247,외대점,서울 동대문구 휘경로 12 (이문동),동대문구,37.5958213,127.0612735
248,용두동사거리점,서울 동대문구 왕산로 68 (용두동),동대문구,37.5757257,127.034286
249,용두동점,서울 동대문구 고산자로 413-1 (용두동),동대문구,37.5766569,127.0379383
250,이문점,서울 동대문구 신이문로 19 (이문동),동대문구,37.6031275,127.0642249
251,장안동사거리점,서울 동대문구 답십리로 309 (장안동),동대문구,37.572387,127.0748553
252,장안동점,서울 동대문구 장한로 43 (장안동),동대문구,37.565097,127.0666798
253,장안중랑천점,서울 동대문구 장한로18길 32 (장안동),동대문구,37.5675226,127.070764
254,장안중앙점,서울 동대문구 사가정로25길 42 (장안동),동대문구,37.5806984,127.0709597
255,장한평군자초교점,서울 동대문구 한천로2길 53 (장안동),동대문구,37.5628622,127.0614119
256,전농사거리점,서울 동대문구 사가정로 132 (전농동),동대문구,37.5776021,127.0595087
257,청량리점,서울 동대문구 왕산로 225 (청량리동),동대문구,37.5832723,127.0447446
258,촬영소사거리점,서울 동대문구 답십리로 264 (장안동),동대문구,37.5722599,127.0694701
259,회기역중앙점,서울 동대문구 회기로 194-1 (휘경동),동대문구,37.5898157,127.0574896
260,남성역점,서울 동작구 사당로17가길 13 (사당동),동작구,37.4838017,126.9734321
261,노들점,서울 동작구 노량진로 200 (노량진동),동작구,37.5128951,126.9479098
262,노량진CTS점,서울 동작구 노량진로 110 (노량진동),동작구,37.5131999,126.9380239
263,노량진드림스퀘어점,"서울 동작구 노들로2길 7 (노량진동, 노량진 드림스퀘어 복합빌딩)",동작구,37.5142788,126.9393867
264,노량진역사점,"서울 동작구 노량진로 지하 130 (노량진동, 9호선 노량진역)",동작구,37.5125077,126.9467197
265,대림성모점,서울 동작구 시흥대로 658 (신대방동),동작구,37.490357,126.9081079
266,대방역점,"서울 동작구 노량진로 24 (대방동, 한신빌딩)",동작구,37.5128738,126.9281981
267,보라매공원점,서울 동작구 여의대방로 90 (신대방동),동작구,37.496816,126.9166681
268,보라매점,"서울 동작구 보라매로5가길 16 (신대방동, 보라매아카데미타워)",동작구,37.491293,126.9240603
269,사당역점,서울 동작구 동작대로7길 100 (사당동),동작구,37.4771676,126.9775404
270,사당점,서울 동작구 동작대로 45 (사당동),동작구,37.4807467,126.981502
271,상도역점,서울 동작구 상도로 277 (상도1동),동작구,37.5027556,126.9483808
272,상도중앙점,서울 동작구 만양로 17 (상도동),동작구,37.5062272,126.9472075
273,신대방삼거리점,서울 동작구 상도로 78 (대방동),동작구,37.5145775,126.9322895
274,중앙대점,서울 동작구 흑석로 79 (흑석동),동작구,37.5070493,126.9584091
275,중앙대후문점,서울 동작구 흑석로 20 (상도동),동작구,37.5048152,126.9530338
276,총신대입구역점,서울 동작구 동작대로 119-1 (사당동),동작구,37.48735569999999,126.9818814
277,총신대점,"서울 동작구 사당로16가길 96 (사당동) 1,2층",동작구,37.4850934,126.9688033
278,해군회관점,서울 동작구 여의대방로 194 (대방동),동작구,37.5042619,126.9222618
279,흑석역점,서울 동작구 현충로 100-1 (흑석동),동작구,37.5076442,126.9647375
280,공덕롯데캐슬점,"서울 마포구 마포대로 109 (공덕동, 롯데캐슬프레지던트)",마포구,37.5486019,126.9588345
281,공덕점,서울 마포구 마포대로8길 15 (공덕동),마포구,37.54870590000001,126.9590957
282,광흥창역점,"서울 마포구 창전로 45 (창전동, 서강한화오벨리스크)",마포구,37.5465423,126.9317948
283,마포공덕역점,서울 마포구 새창로 6 (도화동),마포구,37.5420957,126.9504592
284,마포구청점,서울 마포구 월드컵로 196 (성산동),마포구,37.5644434,126.9061173
285,마포성산시영점,서울 마포구 월드컵북로 210 (성산동),마포구,37.5608448,126.916841
286,마포점,서울 마포구 도화길 10 (도화동),마포구,37.5397882,126.9473543
287,망리단길점,"서울 마포구 포은로 81-1 (망원동, S-빌딩)",마포구,37.554317,126.9052684
288,망원역점,서울 마포구 월드컵로 82-1 (서교동),마포구,37.5563756,126.9102193
289,망원중앙점,서울 마포구 월드컵로 147 (망원동),마포구,37.56077200000001,126.9054366
290,상수역점,서울 마포구 와우산로 41-1 (상수동),마포구,37.5482483,126.9227812
291,상암DMC점,서울 마포구 월드컵북로 396 (상암동),마포구,37.579406,126.8904194
292,상암KBS점,서울 마포구 월드컵북로 375 (상암동),마포구,37.57754000000001,126.89062
293,상암한샘점,서울 마포구 성암로13길 58 (상암동),마포구,37.575698,126.8977264
294,상암홈플러스점,서울 마포구 월드컵로 240 (성산동),마포구,37.5592762,126.9138751
295,성산점,서울 마포구 월드컵북로 137 (성산동),마포구,37.5674996,126.9102095
296,성산중앙점,서울 마포구 성미산로 78 (성산동),마포구,37.56031309999999,126.916664
297,신촌그랑자이점,"서울 마포구 대흥로 183 (대흥동, 신촌그랑자이 상가)",마포구,37.5550101,126.9454102
298,신촌로터리점,서울 마포구 서강로 135 (노고산동),마포구,37.5543865,126.9377806
299,신촌숲아이파크점,"서울 마포구 광성로 17 (신수동, 신촌숲아이파크)",마포구,37.5499797,126.934979
300,신촌하나로마트점,"서울 마포구 신촌로 66 (노고산동, 농협중앙회)",마포구,37.5543865,126.9377806
301,애오개역점,서울 마포구 마포대로 208 (아현동),마포구,37.552503,126.9568378
302,오벨리스크점,"서울 마포구 마포대로 33 (도화동, 마포 한화 오벨리스크)",마포구,37.5401173,126.9455986
303,합정LIG점,서울 마포구 양화로1길 21 (합정동),마포구,37.5495343,126.9103471
304,합정동점,서울 마포구 양화로6길 90 (합정동),마포구,37.5482369,126.9190799
305,합정역사거리점,서울 마포구 독막로2길 5 (합정동),마포구,37.5482728,126.9148412
306,합정홈플러스점,"서울 마포구 양화로 45 (서교동, 메세나폴리스)",마포구,37.5509108,126.9137604
307,홍대중앙점,서울 마포구 양화로 124 (서교동),마포구,37.5542782,126.9208606
308,홍대청기와점,서울 마포구 월드컵북로 7 (서교동),마포구,37.55561429999999,126.9206704
309,가재울점,"서울 서대문구 수색로 100 (북가좌동, DMC래미안e편한세상)",서대문구,37.5726485,126.9105509
310,가재울중앙점,"서울 서대문구 가재울미래로 2 (남가좌동, DMC파크뷰자이)",서대문구,37.57400810000001,126.9150231
311,명지대점,서울 서대문구 거북골로 35 (남가좌동),서대문구,37.57934789999999,126.9239252
312,명지전문대점,서울 서대문구 가좌로 140 (홍은동),서대문구,37.5845644,126.9241885
313,무악재역점,서울 서대문구 홍제동,서대문구,37.5870737,126.9489545
314,북가좌동점,서울 서대문구 증가로 257 (북가좌동),서대문구,37.5834512,126.9115332
315,서대문구청점,서울 서대문구 연희로 237 (연희동),서대문구,37.5782301,126.9356943
316,서대문점,서울 서대문구 냉천동,서대문구,37.5668121,126.9623526
317,신촌기차역점,서울 서대문구 신촌역로 35 (창천동),서대문구,37.5589545,126.941471
318,신촌역점,서울 서대문구 신촌로 87-20 (창천동),서대문구,37.5606319,126.9340132
319,연남동점,서울 서대문구 연희로 42 (연희동),서대문구,37.5623599,126.9278948
320,연세대점,서울 서대문구 연세로12길 10 (창천동),서대문구,37.5588603,126.9375258
321,연희홍연길점,서울 서대문구 홍제천로 146-9 (연희동),서대문구,37.5735219,126.9264342
322,이화여대점,"서울 서대문구 이화여대길 26 (대현동, 이화빌딩)",서대문구,37.5579661,126.9460909
323,충정로3가점,"서울 서대문구 경기대로 26-26 (충정로3가, 더스타일하우스디센트럴)",서대문구,37.5613001,126.962259
324,홍은사거리점,"서울 서대문구 통일로 510 (홍은동, 북한산 더샵)",서대문구,37.5927053,126.9416772
325,강남센트럴시티점,"서울 서초구 신반포로 176 (반포동, 센트럴시티)",서초구,37.5041299,127.0030692
326,교대역점,"서울 서초구 서초대로56길 22 (서초동, 성운빌딩)",서초구,37.4977102,126.9978029
327,교육개발원사거리점,"서울 서초구 바우뫼로 180 (양재동, 신송빌딩)",서초구,37.4782683,127.0398247
328,국립국악원점,"서울 서초구 남부순환로 2364 (서초동, 국립국악원)",서초구,37.4777592,127.0083043
329,국립중앙도서관디지털관점,"서울 서초구 반포대로 201 (반포동, 국립중앙도서관)",서초구,37.497689,127.0028333
330,국립중앙도서관본관점,"서울 서초구 반포대로 201 (반포동, 국립중앙도서관)",서초구,37.497689,127.0028333
331,남부터미널점,서울 서초구 서초동,서초구,37.4883869,127.0167954
332,내방역점,"서울 서초구 서초대로 108 (방배동, 삼보빌딩)",서초구,37.4875368,126.9943012
333,반포지하상가점,"서울 서초구 신반포로 지하 200 (잠원동, 강남터미널지하쇼핑몰)",서초구,37.5054982,127.0011512
334,방배역점,서울 서초구 방배로 87 (방배동),서초구,37.4821791,126.9968865
335,방배중앙점,"서울 서초구 동광로 1 (방배동, 대양빌딩)",서초구,37.4910721,126.9830254
336,서울고속버스터미널점,"서울 서초구 신반포로 194 (반포동, 강남고속버스터미널)",서초구,37.506123,127.003846
337,서울교대점,서울 서초구 서초동,서초구,37.4883869,127.0167954
338,서초법조타운점,"서울 서초구 서초중앙로24길 7 (서초동, 동천빌딩)",서초구,37.4947862,127.0144996
339,서초역점,서울 서초구 서초동,서초구,37.4883869,127.0167954
340,서초우면중앙점,"서울 서초구 양재대로2길 100-11 (우면동, 서초 리슈빌S)",서초구,37.4562077,127.0162033
341,서초점,서울 서초구 서초대로48길 16 (서초동),서초구,37.4920546,127.0113348
342,신사멀버리힐스점,서울 서초구 강남대로 589 (잠원동),서초구,37.5143873,127.01915
343,양재언남점,"서울 서초구 동산로 60 (양재동, 화성빌딩)",서초구,37.46854769999999,127.0278008
344,양재점,서울 서초구 남부순환로347길 38 (서초동),서초구,37.4860392,127.0314902
345,양재중앙점,"서울 서초구 강남대로 221 (양재동, 양재역 환승주차장)",서초구,37.4785467,127.0413269
346,양재하나로마트점,"서울 서초구 청계산로 10 (양재동, 농협하나로클럽)",서초구,37.4629931,127.043105
347,예술의전당점,"서울 서초구 반포대로 32 (서초동, 원일빌딩)",서초구,37.4833789,127.0121074
348,우면동점,"서울 서초구 바우뫼로 20 (우면동, 고호빌딩)",서초구,37.4699641,127.025301
349,잠원논현점,서울 서초구 신반포로 333 (잠원동),서초구,37.510918,127.0200692
350,청계산입구역점,서울 서초구 신원동,서초구,37.4441742,127.062145
351,포이점,서울 서초구 마방로10길 42 (양재동),서초구,37.4756522,127.0445597
352,함지박사거리점,서울 서초구 방배로 234 우신빌딩,서초구,37.4780738,127.0007198
353,논골사거리점,서울 성동구 난계로 35 (금호동1가),성동구,37.5554974,127.0245702
354,답십리로데오점,서울 성동구 용답19길 17-1 (용답동),성동구,37.5637655,127.0525842
355,뚝섬역점,서울 성동구 상원길 38-1 (성수동1가),성동구,37.5473686,127.0487932
356,마장동점,서울 성동구 고산자로 339-2 (마장동),성동구,37.56341949999999,127.0419997
357,마장역점,서울 성동구 마장로 293-1 (마장동),성동구,37.5659595,127.0421511
358,상왕십리역점,서울 성동구 무학봉15길 27 (하왕십리동),성동구,37.5636804,127.0301981
359,성동구청점,서울 성동구 고산자로 269 (도선동),성동구,37.5632824,127.0329086
360,성수아카데미점,서울 성동구 성수이로 118 (성수동2가),성동구,37.5451924,127.0578183
361,성수우리W타워점,서울 성동구 아차산로15길 19 (성수동2가),성동구,37.5447731,127.0621963
362,성수중앙점,"서울 성동구 성수일로6길 47 (성수동2가, 현성빌딩)",성동구,37.5442746,127.0553222
363,신금호역점,서울 성동구 금호산길 64 (금호동2가),성동구,37.5538933,127.0196284
364,옥수동점,서울 성동구 매봉길 12 (옥수동),성동구,37.5452737,127.0157182
365,왕십리비트플렉스점,서울 성동구 왕십리광장로 17 (행당동),성동구,37.5612886,127.038382
366,왕십리센트라스점,서울 성동구 무학로 22 (홍익동),성동구,37.5660798,127.0303129
367,왕십리역점,서울 성동구 왕십리로 309 (행당동),성동구,37.5594263,127.0330179
368,응봉동점,"서울 성동구 독서당로 381 (응봉동, 현대종합상가)",성동구,37.5509821,127.0309093
369,장한평역점,서울 성동구 천호대로 426 (용답동),성동구,37.560871,127.0661962
370,텐즈힐점,"서울 성동구 무학로 33 (하왕십리동, 텐즈힐)",성동구,37.5684705,127.0288841
371,한양대점,서울 성동구 사근동길 4 (행당동),성동구,37.5599448,127.0415495
372,고대개운점,서울 성북구 개운사길 30 (안암동5가),성북구,37.5876904,127.0294356
373,고대점,서울 성북구 고려대로24길 35 (안암동5가),성북구,37.5846838,127.0295562
374,길음뉴타운점,"서울 성북구 길음로 74 (길음동, 길음 에스에이치빌)",성북구,37.6096851,127.0207104
375,돈암동점,서울 성북구 동소문로 119 (동선동4가),성북구,37.5943633,127.0185313
376,돈암아리랑점,"서울 성북구 아리랑로 75 (돈암동, 돈암코오롱하늘채)",성북구,37.5991068,127.0137948
377,돌곶이역점,서울 성북구 돌곶이로22길 3 (석관동),성북구,37.6102071,127.0581031
378,동덕여대점,서울 성북구 화랑로 99 (하월곡동),성북구,37.605611,127.0380182
379,동소문동점,서울 성북구 동소문로13길 5 (동소문동4가),성북구,37.5920452,127.0128751
380,보문역점,서울 성북구 보문로 111 (보문동2가),성북구,37.58488090000001,127.0191683
381,석계중앙점,서울 성북구 화랑로40길 61 (석관동),성북구,37.6073724,127.0631194
382,석관동점,"서울 성북구 돌곶이로8길 22 (석관동, 래미안아트리치)",성북구,37.606103,127.0634229
383,성신여대역점,서울 성북구 동소문로17길 40 (동소문동6가),성북구,37.5939437,127.0159284
384,성신여대점,서울 성북구 보문로34길 100 (동선동2가),성북구,37.5912029,127.0207909
385,안암래미안점,서울 성북구 보문로30가길 42 (안암동1가),성북구,37.5889994,127.0220205
386,월곡1동점,서울 성북구 오패산로 99 (하월곡동),성북구,37.6107577,127.0351305
387,월곡동아점,서울 성북구 장월로1길 47 (상월곡동),성북구,37.6061973,127.0457843
388,장위2동점,서울 성북구 화랑로25길 14 (장위동),성북구,37.6147404,127.0603551
389,장위뉴타운점,서울 성북구 장월로 144-1 (장위동),성북구,37.6176591,127.0510232
390,장위동점,서울 성북구 월계로40길 7 (장위동),성북구,37.6229347,127.0484606
391,장위북서울꿈의숲점,서울 성북구 돌곶이로41가길 2 (장위동),성북구,37.6186444,127.0456108
392,장위중앙점,서울 성북구 장위로 35 (장위동),성북구,37.6144615,127.0407782
393,정릉중앙점,서울 성북구 정릉로 251 (정릉동),성북구,37.6047192,127.011965
394,종암동점,서울 성북구 종암로 105 (종암동),성북구,37.5995967,127.0339167
395,하월곡동점,서울 성북구 오패산로 16 (하월곡동),성북구,37.6036318,127.0375947
396,한성대역점,서울 성북구 동소문로 19 (동소문동1가),성북구,37.5889969,127.0063897
397,한성대점,서울 성북구 삼선교로 10 (삼선동1가),성북구,37.5877339,127.0069093
398,가든파이브점,"서울 송파구 충민로 10 (문정동, 가든파이브툴)",송파구,37.4784176,127.1188877
399,가든파이브테크노관점,"서울 송파구 충민로 66 (문정동, 가든파이브라이프)",송파구,37.4776483,127.1249964
400,가락몰점,"서울 송파구 양재대로 932 (가락동, 가락몰 판매동)",송파구,37.493116,127.1164539
401,가락중앙점,서울 송파구 송이로 87 (가락동),송파구,37.4953459,127.1238482
402,개롱역점,"서울 송파구 오금로 407 (오금동, 상아아파트)",송파구,37.497728,127.135835
403,거여점,서울 송파구 오금로 497 (거여동),송파구,37.4822096,127.1430251
404,문정문현점,서울 송파구 새말로8길 30 (문정동),송파구,37.4801472,127.1266519
405,문정중앙점,서울 송파구 문정로 31-1 (문정동),송파구,37.4864662,127.126334
406,문정테라타워점,"서울 송파구 송파대로 167 (문정동, 문정역테라타워)",송파구,37.4918691,127.1191517
407,방이시장점,서울 송파구 백제고분로48길 3 (방이동),송파구,37.5118613,127.1137576
408,방이역점,서울 송파구 위례성대로18길 32 (방이동),송파구,37.5095759,127.1247189
409,방이초교점,서울 송파구 가락로 280 (방이동),송파구,37.5127562,127.1200478
410,삼전역점,서울 송파구 백제고분로 263 (삼전동),송파구,37.5027912,127.0958008
411,삼전중앙점,서울 송파구 백제고분로27길 5 (삼전동),송파구,37.5058414,127.0897977
412,서울삼성내과점,"서울 송파구 백제고분로 126 (잠실동, 오룡빌딩)",송파구,37.5061551,127.0807668
413,석촌백제점,"서울 송파구 백제고분로39길 15 (석촌동, 삼경빌딩)",송파구,37.5028733,127.0989868
414,석촌사거리점,"서울 송파구 송파대로 409 (석촌동, 범양빌딩)",송파구,37.5076277,127.108153
415,석촌역점,"서울 송파구 송파대로 456 (송파동, 웅현빌딩)",송파구,37.507204,127.1058408
416,송파문정점,서울 송파구 송이로 159 (가락동),송파구,37.4929569,127.1253526
417,송파올림픽훼미리타운점,"서울 송파구 중대로 24 (문정동, 올림픽훼밀리타운 아카데미 상가)",송파구,37.4885195,127.1143775
418,송파위례점,"서울 송파구 위례광장로 188 (장지동, 아이온스퀘어)",송파구,37.4811605,127.1423292
419,송파파인타운점,"서울 송파구 충민로2길 28 (장지동, 대진플라자2)",송파구,37.4772984,127.1275686
420,송파풍납점,서울 송파구 강동대로9길 17-1 (풍납동),송파구,37.52810059999999,127.1165443
421,송파하비오점,"서울 송파구 송파대로 111 (문정동, 파크하비오)",송파구,37.4815439,127.1227226
422,송파한양점,"서울 송파구 가락로 165 (송파동, 위례캐슬빌)",송파구,37.5398844,126.9863647
423,오금점,"서울 송파구 오금로 306 (가락동, 가락스타클래스)",송파구,37.5028786,127.1261236
424,오금중앙점,"서울 송파구 위례성대로22길 18 (오금동, 이시돌빌딩)",송파구,37.5087113,127.1304008
425,올림픽공원점,서울 송파구 올림픽로 354 (방이동),송파구,37.5156746,127.1253915
426,올림픽프라자점,서울 송파구 양재대로 1222 (방이동),송파구,37.5158257,127.1322182
427,위례아이파크점,"서울 송파구 위례광장로 136 (장지동, 위례아이파크)",송파구,37.476296,127.1421314
428,위례포레샤인점,"서울 송파구 위례순환로 477 (장지동, 위례포레샤인23단지)",송파구,37.4762808,127.1356549
429,잠실본동점,"서울 송파구 백제고분로 172 (잠실동, 제이케이빌딩)",송파구,37.5119423,127.0870254
430,잠실역점,"서울 송파구 송파대로 567 (잠실동, 잠실주공아파트)",송파구,37.5152448,127.0948683
431,종합운동장역점,"서울 송파구 올림픽로 76 (잠실동, J타워)",송파구,37.5115663,127.0790214
432,강서초교점,서울 양천구 오목로 48 (신월동),양천구,37.5220052,126.8429459
433,남부지방법원점,"서울 양천구 은행정로4길 25 (신정동, SM엘루이아파트)",양천구,37.5215383,126.8625376
434,목3동점,"서울 양천구 목동중앙북로 38 (목동, 롯데캐슬위너아파트)",양천구,37.5468869,126.8672611
435,목4동점,서울 양천구 목동중앙본로7길 46 (목동),양천구,37.5394977,126.866131
436,목동센트럴아이파크위브점,서울 양천구 남부순환로 603 (신월동),양천구,37.5152106,126.8406704
437,목동신목점,"서울 양천구 목동중앙로 85 (목동, 강산아파트)",양천구,37.5370203,126.8714588
438,목동신트리점,"서울 양천구 신정로 312 (신정동, 뉴프라자)",양천구,37.5132372,126.8555397
439,목동아델리체점,"서울 양천구 중앙로43길 14 (신정동, 래미안 목동아델리체)",양천구,37.5181273,126.8519807
440,목동역점,서울 양천구 오목로 227 (신정동),양천구,37.5260758,126.8627343
441,목동파라곤점,서울 양천구 목동서로 155 (목동),양천구,37.5295038,126.8751635
442,목동파리공원점,서울 양천구 목동동로 379 (목동),양천구,37.5356048,126.8787598
443,신월5동점,서울 양천구 화곡로 50 (신월동),양천구,37.5391718,126.8274318
444,신월7동점,서울 양천구 지양로 79 (신월동),양천구,37.5224237,126.832963
445,신월사거리점,서울 양천구 남부순환로 353 (신월동),양천구,37.5356811,126.8289529
446,신정교점,서울 양천구 신목로 36 (신정동),양천구,37.518869,126.8738236
447,신정네거리역점,서울 양천구 중앙로 282 (신정동),양천구,37.5215815,126.8526466
448,신정서부점,서울 양천구 신정로11길 50-15 (신정동),양천구,37.5122198,126.8383477
449,양천구청점,서울 양천구 목동동로 63 (신정동),양천구,37.5153085,126.862318
450,오목교대학학원점,서울 양천구 오목로 319 (목동),양천구,37.5250805,126.8730752
451,KBS별관점,"서울 영등포구 국제금융로8길 27-9 (여의도동, 동북빌딩)",영등포구,37.5196169,126.9289537
452,국회대로점,"서울 영등포구 국회대로72길 4 (여의도동, 아이비피아빌딩)",영등포구,37.5303055,126.9199634
453,국회의사당역점,"서울 영등포구 의사당대로 22 (여의도동, 이룸센터)",영등포구,37.5268293,126.91783
454,남부고용센터점,서울 영등포구 양산로 71 (양평동3가),영등포구,37.5298878,126.8925186
455,당산버드나루점,서울 영등포구 버드나루로 87 (영등포동7가),영등포구,37.5247954,126.9073163
456,당산역점,"서울 영등포구 당산로 222 (당산동5가, 당산디오빌)",영등포구,37.5332974,126.9022397
457,당산중앙점,서울 영등포구 당산로 159 (당산동4가),영등포구,37.5290596,126.8990822
458,대림1동점,서울 영등포구 도림로 198 (대림동),영등포구,37.4964372,126.9028423
459,대림3동점,서울 영등포구 대림로 212 (대림동),영등포구,37.4995842,126.8981872
460,대림역점,서울 영등포구 도림로31길 2 (대림동),영등포구,37.4925474,126.8959255
461,도림사거리점,서울 영등포구 도림로 326 (신길동),영등포구,37.5065815,126.9018001
462,도림점,"서울 영등포구 도신로15길 40 (도림동, 도림빌딩)",영등포구,37.5105926,126.9087737
463,라이프점,"서울 영등포구 63로 40 (여의도동, 라이프오피스텔)",영등포구,37.519494,126.939272
464,보라매역점,서울 영등포구 여의대방로 141 (신길동),영등포구,37.5074476,126.9167988
465,서여의도점,"서울 영등포구 국회대로72길 17 (여의도동, KCC파크타운)",영등포구,37.529455,126.9211706
466,선유도역점,서울 영등포구 양평로 126 (양평동5가),영등포구,37.5411723,126.8944337
467,신길성애병원점,서울 영등포구 여의대방로53길 27 (신길동),영등포구,37.517783,126.9172836
468,신길썬프라자점,서울 영등포구 신길로 42 (신길동),영등포구,37.4964769,126.9086271
469,신길아이파크점,서울 영등포구 도림로 280 (신길동),영등포구,37.5029408,126.9042156
470,신길역점,서울 영등포구 영등포로 353 (신길동),영등포구,37.5150708,126.918095
471,신길중앙점,서울 영등포구 도신로 229 (신길동),영등포구,37.5121997,126.9165053
472,신풍역점,서울 영등포구 신풍로 52-1 (신길동),영등포구,37.4999459,126.9117931
473,양평동2가점,"서울 영등포구 선유서로25길 19 (양평동2가, 오목교투웨니퍼스트)",영등포구,37.5243251,126.8837313
474,여의나루역점,서울 영등포구 여의나루로 113 (여의도동),영등포구,37.5260288,126.9307511
475,여의도농협재단점,"서울 영등포구 국제금융로8길 2 (여의도동, 농협재단빌딩)",영등포구,37.5219838,126.930031
476,여의도역점,"서울 영등포구 의사당대로 108 (여의도동, 아일렉스)",영등포구,37.5210236,126.9240116
477,영등포knk점,"서울 영등포구 영신로 220 (영등포동8가, KnK디지털타워)",영등포구,37.526554,126.904299
478,영등포구청점,서울 영등포구 당산로 110 (당산동3가),영등포구,37.5269189,126.8983819
479,영등포그랜드점,"서울 영등포구 양산로9길 15 (양평동3가, 그랜드타워)",영등포구,37.5256479,126.8888824
480,영등포본동점,서울 영등포구 영신로19길 15 (영등포동),영등포구,37.5138475,126.9059986
481,영등포시장점,서울 영등포구 영등포로35길 19 (영등포동6가),영등포구,37.5226874,126.9045536
482,영등포아크로타워점,"서울 영등포구 국회대로54길 10 (영등포동7가, 아크로타워 스퀘어)",영등포구,37.523105,126.9072522
483,영등포에이스점,서울 영등포구 경인로 775 (문래동3가),영등포구,37.5172698,126.8957152
484,영등포점,서울 영등포구 영중로 16-1 (영등포동3가),영등포구,37.5188726,126.9071635
485,영등포코레일점,"서울 영등포구 경인로 846 (영등포동, 영등포 민자역사)",영등포구,37.5159228,126.9073727
486,영등포홈플러스점,"서울 영등포구 당산로 42 (문래동3가, 홈플러스)",영등포구,37.5189835,126.8987059
487,한강성심병원점,서울 영등포구 버드나루로 51 (영등포동2가),영등포구,37.5206095,126.9121946
488,한국수출입은행점,"서울 영등포구 은행로 38 (여의도동, 한국수출입은행빌딩)",영등포구,37.5286052,126.9233963
489,힐스테이트클래시안점,"서울 영등포구 신길로28길 9 (신길동, 힐스테이트 클래시안)",영등포구,37.5036812,126.9125914
490,IBK고객센터점,"서울 용산구 한남대로 72 (한남동, IBK기업은행고객센터)",용산구,37.535922,127.0016357
491,동부이촌동점,서울 용산구 이촌로77길 19 (이촌동),용산구,37.52037139999999,126.9750238
492,동자동점,서울 용산구 후암로 93 (동자동),용산구,37.5533423,126.9751213
493,삼각지점,서울 용산구 한강대로 138 (한강로2가),용산구,37.5304859,126.9695107
494,숙대입구역점,서울 용산구 한강대로 289 (갈월동),용산구,37.5440608,126.9719722
495,순천향병원점,서울 용산구 대사관로 72,용산구,37.5330479,127.0059378
496,용문점,서울 용산구 원효로41길 73 (원효로2가),용산구,37.53631710000001,126.9624625
497,용산원효점,"서울 용산구 원효로 70 (원효로4가, 신정빌딩)",용산구,37.5342776,126.9526413
498,용산중앙점,서울 용산구 한강대로 52-1 (한강로3가),용산구,37.5256084,126.9648617
499,용산청파점,"서울 용산구 청파로71길 10 (청파동1가, 새마을금고)",용산구,37.5500387,126.9676059
500,용산효창점,서울 용산구 효창원로66길 2 (효창동),용산구,37.5431627,126.963669
501,원효로점,서울 용산구 원효로 257 (원효로1가),용산구,37.5399801,126.967447
502,이태원역점,서울 용산구 이태원로 176 (이태원동),용산구,37.5345038,126.9906995
503,갈현점,서울 은평구 갈현로 268 (갈현동),은평구,37.6206976,126.9166921
504,구산역점,서울 은평구 연서로 148 (대조동),은평구,37.6119882,126.9176334
505,구파발역점,"서울 은평구 진관2로 29-21 (진관동, 드림스퀘어)",은평구,37.6356924,126.9193269
506,녹번동점,"서울 은평구 진흥로 156 (녹번동, 신명빌딩)",은평구,37.6024905,126.9248074
507,녹번중앙점,"서울 은평구 통일로 635 (녹번동, 녹번동메카오피스텔)",은평구,37.6032819,126.9346515
508,백련산아이파크점,"서울 은평구 응암로 264 (응암동, 서울빌딩)",은평구,37.5844969,126.9142648
509,본서부병원점,"서울 은평구 응암로 337 (응암동, 빛터룩스 빌딩)",은평구,37.6012692,126.9221517
510,불광중앙점,서울 은평구 불광로 59 (불광동),은평구,37.6123503,126.9317118
511,새절역점,서울 은평구 가좌로 272 (신사동),은평구,37.595613,126.9072033
512,서광교회점,"서울 은평구 통일로 951 (갈현동, 서광교회)",은평구,37.6277286,126.9191848
513,수색역점,서울 은평구 수색로 250 (수색동),은평구,37.58191540000001,126.8963394
514,역촌동점,서울 은평구 갈현로 82 (역촌동),은평구,37.6016815,126.914373
515,역촌사거리점,서울 은평구 서오릉로 100 (대조동),은평구,37.6089352,126.9210376
516,역촌역점,서울 은평구 진흥로 95 (역촌동),은평구,37.6054513,126.9221274
517,역촌진흥로점,서울 은평구 진흥로1길 3 (역촌동),은평구,37.6080108,126.9193546
518,연신내역점,서울 은평구 통일로 855-9 (갈현동),은평구,37.621541,126.913578
519,연신내통일로점,서울 은평구 통일로 876 (불광동),은평구,37.6211963,126.9202773
520,은평구청점,서울 은평구 은평로 197 (녹번동),은평구,37.6016097,126.9296461
521,은평이마트점,"서울 은평구 은평로 111 (응암동, 은평이마트)",은평구,37.6003946,126.9202149
522,응암역점,"서울 은평구 연서로 9 (역촌동, 센타폴리스)",은평구,37.6064781,126.9158807
523,응암오거리점,서울 은평구 응암로 211 (응암동),은평구,37.5908957,126.9171252
524,응암중앙점,서울 은평구 응암로 183 (응암동),은평구,37.588427,126.9166431
525,증산동점,서울 은평구 증산서길 78 (증산동),은평구,37.5833299,126.9065244
526,경복궁역점,"서울 종로구 자하문로 7 (체부동, 성명빌딩)",종로구,37.5591458,126.920892
527,경희궁점,서울 종로구 경희궁1길 16 (신문로2가),종로구,37.571667,126.9707019
528,광화문점,서울 종로구 세종대로23길 15 (도렴동),종로구,37.5715027,126.975661
529,낙원동점,서울 종로구 낙원동,종로구,37.5725724,126.9886231
530,대학로점,서울 종로구 대학로10길 17 (동숭동),종로구,37.58322,127.0043935
531,독립문역점,서울 종로구 통일로 266 (무악동),종로구,37.5771971,126.9586397
532,동대문역점,"서울 종로구 율곡로 286 (종로6가, 야드인빌딩)",종로구,37.5718325,127.0081491
533,동묘역점,서울 종로구 종로 354 (숭인동),종로구,37.5776631,127.0224015
534,배화여대점,서울 종로구 필운대로1길 35 (필운동),종로구,37.5778241,126.9673717
535,북촌마을점,서울 종로구 북촌로5길 39 (화동),종로구,37.5822212,126.981849
536,삼일빌딩점,서울 종로구 삼일대로15길 13 (관철동),종로구,37.5693868,126.987972
537,상명대점,서울 종로구 홍지동,종로구,37.6007992,126.9565688
538,성균관대점,서울 종로구 성균관로 8 (명륜2가),종로구,37.584452,126.999485
539,숭인점,서울 종로구 숭인동길 6 (숭인동),종로구,37.5752617,127.0215968
540,신설점,서울 종로구 난계로29길 30 (숭인동),종로구,37.5742389,127.0214733
541,안국역사점,"서울 종로구 율곡로 지하 62 (안국동, 3호선 안국역)",종로구,37.5772954,126.9840979
542,종로3가점,서울 종로구 종로 126 (종로3가),종로구,37.570063,126.9917326
543,종로4가점,서울 종로구 김상옥로 1 (인의동),종로구,37.5735077,126.9979032
544,종로5가점,서울 종로구 대학로 33 (효제동),종로구,37.5730496,127.0030882
545,종로교차로점,서울 종로구 동호로 406-1 (종로5가),종로구,37.5706,127.002257
546,종로구청점,서울 종로구 수송동,종로구,37.5736973,126.9806453
547,종로삼일대로점,서울 종로구 삼일대로 390-1 (관철동),종로구,37.5691245,126.9860044
548,종로타워점,"서울 종로구 종로 51 (종로2가, 종로타워)",종로구,37.57079,126.98356
549,창덕궁점,서울 종로구 돈화문로 41-1 (묘동),종로구,37.572274,126.9914349
550,창신중앙점,서울 종로구 지봉로 64 (숭인동),종로구,37.5757304,127.0158422
551,탑골공원점,서울 종로구 낙원동,종로구,37.5725724,126.9886231
552,혜화동로터리점,서울 종로구 혜화로 3-1 (혜화동),종로구,37.5860578,127.0005463
553,혜화역점,서울 종로구 창경궁로 258-15 (명륜2가),종로구,37.5846997,126.9990412
554,IBK본점,"서울 중구 을지로 79 (을지로2가, 기업은행)",중구,37.5664541,126.9865526
555,광희동점,서울 중구 마른내로 165-1 (광희동1가),중구,37.5648257,127.0061507
556,다동점,서울 중구 다동길 46 (다동),중구,37.5679224,126.9820551
557,동국대후문점,"서울 중구 창경궁로 2 (충무로5가, 남경빌딩)",중구,37.5625534,126.9987028
558,동대문점,서울 중구 을지로43길 38 (을지로6가),중구,37.5677048,127.0077641
559,동대문팀204점,"서울 중구 마장로 30 (신당동, Team204)",중구,37.56772710000001,127.0131444
560,동평화점,서울 중구 청계천로 318 (신당동),중구,37.5694611,127.0139466
561,만리동고개점,"서울 중구 만리재로 175 (만리동2가, 서울역센트럴자이),402동 102호",중구,37.554538,126.9636814
562,명동거리점,"서울 중구 명동8가길 7 (충무로2가, 프리엠상가)",중구,37.5617573,126.9854028
563,명동역점,서울 중구 퇴계로 103 (충무로1가),중구,37.5611699,126.9825162
564,명동중앙점,"서울 중구 명동7길 21 (을지로2가, 명동아르누보센텀)",중구,37.5646918,126.9838429
565,서소문점,서울 중구 서소문로11길 8 (서소문동),중구,37.5633202,126.9730375
566,서울시청점,"서울 중구 세종대로20길 23 (무교동, 원창빌딩)",중구,37.5671533,126.9787566
567,신당점,서울 중구 다산로35길 11 (신당동),중구,37.5635523,127.0148174
568,신당중앙점,서울 중구 퇴계로 455 (황학동),중구,37.5674819,127.0199063
569,약수역점,서울 중구 동호로 186-13 (신당동),중구,37.5545583,127.0116392
570,오장동점,서울 중구 마른내로 109-1 (오장동),중구,37.5646101,127.0001367
571,을지로3가점,서울 중구 수표로 45 (저동2가),중구,37.5635393,126.9906086
572,을지로중앙점,서울 중구 마른내로 49 (인현동1가),중구,37.5654425,126.9939981
573,정동점,서울 중구 정동길 2-1 (정동),중구,37.5679783,126.9693574
574,중림브라운스톤점,"서울 중구 청파로 464 (중림동, 브라운스톤서울)",중구,37.5607449,126.9682364
575,청구역점,서울 중구 다산로 181-2 (신당동),중구,37.55977499999999,127.0132351
576,충무로점,서울 중구 퇴계로 188 (필동1가),중구,37.5610862,126.9924672
577,충무아트홀점,서울 중구 퇴계로 381-1 (신당동),중구,37.56527860000001,127.0140012
578,충무필동점,서울 중구 퇴계로 218-5 (필동2가),중구,37.5587734,126.9947209
579,태평로점,서울 중구 세종대로11길 26 (서소문동),중구,37.5638282,126.9752055
580,퇴계로2길점,서울 중구 퇴계로2길 1 (남창동),중구,37.5609292,126.9787635
581,한국은행점,서울 중구 남대문로 29-2 (남대문로3가),중구,37.5614432,126.9789639
582,회현SK리더스점,"서울 중구 퇴계로 72 (회현동1가, 리더스뷰남산)",중구,37.5532916,126.9845912
583,금란망우점,서울 중랑구 망우로 460 (망우동),중랑구,37.6000847,127.1031565
584,동원사거리점,"서울 중랑구 겸재로 240 (면목동, 행복오피스텔)",중랑구,37.5895476,127.0939218
585,망우동점,서울 중랑구 망우로 416 (망우동),중랑구,37.5991195,127.0983614
586,망우중앙점,"서울 중랑구 용마산로115길 109 (망우동, 한일써너스빌리젠시2단지)",중랑구,37.5976442,127.0943462
587,망우코레일점,"서울 중랑구 망우로55길 11-10 (상봉동, 망우역)",중랑구,37.598603,127.092882
588,먹골역점,서울 중랑구 동일로157길 13 (묵동),중랑구,37.609725,127.0768984
589,면목경남아너스빌점,서울 중랑구 면목로27길 92 (면목동),중랑구,37.5742658,127.0805347
590,면목늘찬병원점,"서울 중랑구 동일로 643 (면목동, 늘찬병원)",중랑구,37.587773,127.0797346
591,면목역점,"서울 중랑구 면목로 429 (면목동, 킴스아파트)",중랑구,37.5917208,127.0868931
592,봉화산역점,서울 중랑구 신내로 211 (신내동),중랑구,37.6163253,127.0926776
593,사가정아이파크점,"서울 중랑구 동일로92길 57 (면목동, 메디포레)",중랑구,37.5835104,127.0831886
594,사가정역점,서울 중랑구 면목로 325 (면목동),중랑구,37.5811447,127.0881679
595,상봉엠코점,"서울 중랑구 망우로 353 (상봉동, 상봉 프레미어스 엠코)",중랑구,37.598081,127.0905951
596,상봉역점,서울 중랑구 망우로 277 (상봉동),중랑구,37.59606050000001,127.0834173
597,상봉중앙점,서울 중랑구 망우로 316 (상봉동),중랑구,37.5964847,127.0875354
598,서울상봉1동점,서울 중랑구 상봉중앙로 36 (상봉동),중랑구,37.6002847,127.0877432
599,서울의료원점,"서울 중랑구 신내로 156 (신내동, 서울의료원)",중랑구,37.612781,127.0981787
600,서울중화초등학교점,"서울 중랑구 신내로7가길 7 (신내동, 제이리옴)",중랑구,37.6023476,127.0954585
601,서일중앙점,"서울 중랑구 용마산로 394 (면목동, 해동검도)",중랑구,37.58666669999999,127.0955495
602,신내동점,서울 중랑구 봉화산로 215 (신내동),중랑구,37.6076708,127.0965653
603,양원역점,서울 중랑구 양원역로14가길 24 (망우동),중랑구,37.6074898,127.1069515
604,중랑교차로점,서울 중랑구 동일로 683 (면목동),중랑구,37.5914478,127.0798821
605,중랑묵동점,"서울 중랑구 동일로 932 (묵동, 묵동자이아파트)",중랑구,37.61377890000001,127.0775237
606,중랑역점,서울 중랑구 망우로 198 (상봉동),중랑구,37.593285,127.0748888
607,중화동점,서울 중랑구 동일로129길 1 (중화동),중랑구,37.6019573,127.086627
608,화랑대역점,"서울 중랑구 신내로25가길 2 (묵동, 현동학당)",중랑구,37.6194506,127.0841605
